-- phpMyAdmin SQL Dump
-- version 4.2.11
-- http://www.phpmyadmin.net
--
-- Host: 127.0.0.1
-- Generation Time: Mar 29, 2016 at 11:15 AM
-- Server version: 5.6.21
-- PHP Version: 5.6.3

SET SQL_MODE = "NO_AUTO_VALUE_ON_ZERO";
SET time_zone = "+00:00";


/*!40101 SET @OLD_CHARACTER_SET_CLIENT=@@CHARACTER_SET_CLIENT */;
/*!40101 SET @OLD_CHARACTER_SET_RESULTS=@@CHARACTER_SET_RESULTS */;
/*!40101 SET @OLD_COLLATION_CONNECTION=@@COLLATION_CONNECTION */;
/*!40101 SET NAMES utf8 */;

--
-- Database: `knn_classification`
--

-- --------------------------------------------------------

--
-- Table structure for table `all_terms`
--

CREATE TABLE IF NOT EXISTS `all_terms` (
`id_term` int(10) NOT NULL,
  `term` varchar(20) NOT NULL
) ENGINE=InnoDB AUTO_INCREMENT=967 DEFAULT CHARSET=latin1;

--
-- Dumping data for table `all_terms`
--

INSERT INTO `all_terms` (`id_term`, `term`) VALUES
(373, '100'),
(936, '1000'),
(962, '12'),
(653, '200'),
(963, '3'),
(942, '3000'),
(709, '4'),
(965, '5'),
(654, '500'),
(725, '6'),
(506, '65-78'),
(502, '65-85'),
(467, '7'),
(964, '9'),
(504, '95-100'),
(499, 'ada'),
(73, 'adalah'),
(914, 'agglomerative'),
(254, 'akhir'),
(221, 'aktivitas'),
(702, 'alamat'),
(239, 'alami'),
(115, 'alat'),
(338, 'algoritma'),
(234, 'aman'),
(424, 'ambil'),
(128, 'analisis'),
(189, 'analsis'),
(516, 'apabila'),
(213, 'aplikasi'),
(233, 'arah'),
(13, 'artikel'),
(319, 'asli'),
(50, 'atas'),
(263, 'audio'),
(463, 'avr'),
(19, 'awal'),
(505, 'b'),
(11, 'bagai'),
(596, 'bagaimana'),
(307, 'bagi'),
(178, 'bahan'),
(337, 'bahas'),
(468, 'bahasa'),
(141, 'baik'),
(839, 'balik'),
(966, 'banding'),
(716, 'bangun'),
(89, 'bantu'),
(6, 'banyak'),
(733, 'baru'),
(112, 'bas'),
(586, 'based'),
(573, 'baterai'),
(32, 'bawa'),
(553, 'bebas'),
(534, 'beda'),
(172, 'belakang'),
(731, 'belum'),
(143, 'bentuk'),
(513, 'beri'),
(14, 'berita'),
(550, 'besar'),
(347, 'biasa'),
(104, 'biaya'),
(344, 'biner'),
(909, 'bisecting'),
(106, 'bisnis'),
(309, 'bit'),
(9, 'blog'),
(684, 'blogging'),
(797, 'bobot'),
(465, 'borland'),
(681, 'browsing'),
(16, 'buah'),
(75, 'buat'),
(911, 'buckshot'),
(710, 'butuh'),
(471, 'c'),
(48, 'cara'),
(55, 'cari'),
(331, 'cenderung'),
(640, 'cepat'),
(427, 'cetak'),
(682, 'chatting'),
(120, 'citra'),
(585, 'cluster'),
(878, 'cluster-based'),
(758, 'clustering'),
(952, 'coba'),
(461, 'code'),
(781, 'com'),
(920, 'complete'),
(403, 'computer'),
(68, 'dalam'),
(727, 'dampak'),
(67, 'dapat'),
(64, 'dasar'),
(237, 'data'),
(76, 'database'),
(163, 'dati'),
(583, 'dekat'),
(379, 'dekompresi'),
(300, 'dekripsi'),
(466, 'delphi'),
(747, 'depan'),
(417, 'deteksi'),
(317, 'didekripsi'),
(121, 'digital'),
(886, 'dikluster'),
(286, 'dinusstego'),
(547, 'diri'),
(804, 'diujicobakan'),
(476, 'dokumen'),
(893, 'dokumen-dokuman'),
(182, 'domain'),
(695, 'dunia'),
(259, 'echo'),
(22, 'editor'),
(829, 'efektif'),
(641, 'efisien'),
(617, 'efisiensi'),
(775, 'eksperimen'),
(814, 'eksponensial'),
(315, 'ekstraksi'),
(117, 'elektron'),
(92, 'elektronik'),
(618, 'energy'),
(299, 'enkripsi'),
(928, 'f-measure'),
(830, 'faktor'),
(689, 'familiar'),
(350, 'file'),
(739, 'fitur'),
(167, 'fourier'),
(65, 'frekuensi'),
(287, 'fungsi'),
(503, 'g'),
(411, 'gambar'),
(749, 'global'),
(153, 'guna'),
(701, 'habis'),
(664, 'hadap'),
(521, 'hal'),
(700, 'hampir'),
(49, 'harap'),
(757, 'harga'),
(659, 'hari'),
(322, 'hasil'),
(626, 'head'),
(102, 'hemat'),
(261, 'hiding'),
(913, 'hierarchical'),
(175, 'histogram'),
(488, 'hitam'),
(387, 'hitung'),
(345, 'huffman'),
(855, 'hypothesis'),
(74, 'i'),
(674, 'ialah'),
(803, 'idf'),
(79, 'ii'),
(244, 'ilmu'),
(265, 'implementasi'),
(754, 'indonesia'),
(223, 'informasi'),
(4, 'internet'),
(240, 'intervensi'),
(714, 'ip'),
(705, 'ipv4'),
(721, 'ipv6'),
(1, 'iring'),
(58, 'isi'),
(184, 'jadi'),
(228, 'jaga'),
(105, 'jalan'),
(638, 'jalur'),
(713, 'jamin'),
(616, 'jarak'),
(541, 'jaring'),
(388, 'jasa'),
(168, 'jelas'),
(25, 'jenis'),
(368, 'jumlah'),
(783, 'juni'),
(793, 'k'),
(910, 'k-mean'),
(773, 'kait'),
(866, 'kaji'),
(693, 'kalang'),
(649, 'kali'),
(525, 'kamera'),
(323, 'kandung'),
(108, 'kantor'),
(205, 'kapasitans'),
(333, 'kapasitas'),
(620, 'karena'),
(31, 'kasus'),
(56, 'kata'),
(63, 'kategori'),
(738, 'kehandalan'),
(584, 'kelompok'),
(483, 'keluar'),
(3, 'kembang'),
(145, 'kenal'),
(608, 'kerja'),
(400, 'kertas'),
(78, 'keyword'),
(686, 'khusus'),
(20, 'kirim'),
(862, 'kluster'),
(896, 'klusternya'),
(883, 'koleksi'),
(780, 'kompas'),
(179, 'komposit'),
(349, 'kompres'),
(339, 'kompresi'),
(36, 'komputer'),
(570, 'komunikasi'),
(524, 'kondisi'),
(202, 'konduktivitas'),
(598, 'konfigurasi'),
(298, 'kriptografi'),
(193, 'kristal'),
(188, 'kristalograti'),
(922, 'kriteria'),
(229, 'kualitas'),
(130, 'kuantitatif'),
(199, 'kuat'),
(194, 'kunci'),
(210, 'lain'),
(29, 'laku'),
(61, 'lalu'),
(85, 'langkah'),
(423, 'lanjut'),
(171, 'latar'),
(42, 'lebih'),
(728, 'lemah'),
(418, 'lembar'),
(123, 'lengkap'),
(201, 'lentur'),
(33, 'level'),
(630, 'lifetime'),
(824, 'linear'),
(921, 'link'),
(207, 'listrik'),
(799, 'log'),
(281, 'lunak'),
(12, 'macam'),
(208, 'magnit'),
(211, 'makalah'),
(5, 'makin'),
(445, 'maksimum'),
(556, 'mampu'),
(402, 'manfaat'),
(137, 'manual'),
(30, 'manusia'),
(38, 'masalah'),
(827, 'matching'),
(140, 'matematika'),
(198, 'material'),
(144, 'maupun'),
(794, 'means'),
(262, 'media'),
(200, 'mekanik'),
(93, 'mem'),
(568, 'memory'),
(699, 'mengakibatkankan'),
(139, 'metoda'),
(342, 'metode'),
(116, 'mikroskop'),
(151, 'mikroskopik'),
(362, 'milik'),
(726, 'minimal'),
(444, 'minimum'),
(45, 'mining'),
(268, 'mobile'),
(107, 'model'),
(28, 'mudah'),
(885, 'mula'),
(7, 'muncul'),
(147, 'mungkin'),
(285, 'nama'),
(546, 'network'),
(326, 'nilai'),
(543, 'nirkabel'),
(552, 'node'),
(324, 'noise'),
(784, 'november'),
(320, 'objek'),
(170, 'obyek'),
(305, 'offset'),
(127, 'olah'),
(359, 'oleh'),
(111, 'on-line'),
(15, 'online'),
(762, 'operasi'),
(422, 'optocoupler'),
(100, 'orang'),
(187, 'orientasi'),
(35, 'otomasi'),
(152, 'otomatis'),
(224, 'pacu'),
(195, 'paham'),
(245, 'pakai'),
(203, 'panas'),
(846, 'panggil'),
(629, 'panjang'),
(595, 'papar'),
(87, 'paper'),
(927, 'parameter'),
(907, 'partitional'),
(472, 'pascal'),
(457, 'pemrograman'),
(563, 'pemrosesan'),
(43, 'pendek'),
(522, 'pengaruh'),
(185, 'penting'),
(124, 'perangkat'),
(850, 'percaya'),
(162, 'periodik'),
(99, 'perlu'),
(301, 'pesan'),
(2, 'pesat'),
(269, 'phone'),
(409, 'piksel'),
(439, 'pikselnya'),
(23, 'pilah'),
(901, 'pilih'),
(343, 'pohon'),
(146, 'pola'),
(841, 'polisemy'),
(571, 'power'),
(930, 'precision'),
(241, 'previleges'),
(390, 'printer'),
(155, 'program'),
(432, 'proses'),
(578, 'protocol'),
(729, 'protokol'),
(330, 'psnr'),
(809, 'purity'),
(386, 'purwarupa'),
(891, 'pusat'),
(859, 'query'),
(501, 'r'),
(500, 'range'),
(364, 'rasio'),
(304, 'rata'),
(408, 'raw'),
(931, 'recall'),
(91, 'redaksi'),
(316, 'region'),
(27, 'relatif'),
(837, 'relevan'),
(597, 'rencana'),
(441, 'rentang'),
(271, 'representasi'),
(204, 'resistansi'),
(875, 'retrieval'),
(443, 'rgb'),
(498, 'rgbnya'),
(577, 'routing'),
(881, 'ruang'),
(46, 'salah'),
(382, 'sama'),
(313, 'sample'),
(47, 'satu'),
(815, 'sebab'),
(447, 'sebut'),
(375, 'sedang'),
(10, 'sedia'),
(737, 'segi'),
(122, 'seluruh'),
(303, 'sembunyi'),
(39, 'sendiri'),
(421, 'sensor'),
(560, 'sensornode'),
(274, 'serta'),
(308, 'sesuai'),
(452, 'setpoint'),
(197, 'sifat'),
(898, 'similaritas'),
(565, 'simpan'),
(588, 'simulasi'),
(831, 'sinonim'),
(328, 'sinyal'),
(90, 'sistem'),
(8, 'situs'),
(719, 'standar'),
(252, 'steganografi'),
(796, 'stemming'),
(275, 'strategi'),
(161, 'struktur'),
(255, 'studi'),
(410, 'suatu'),
(816, 'sulit'),
(81, 'sumber'),
(572, 'supply'),
(683, 'surfing'),
(609, 'system'),
(69, 'tahap'),
(94, 'tahu'),
(661, 'takjub'),
(169, 'tampil'),
(258, 'teknik'),
(226, 'teknologi'),
(351, 'teks'),
(160, 'tekstur'),
(72, 'teliti'),
(772, 'temu'),
(62, 'tentu'),
(256, 'terap'),
(18, 'terbit'),
(558, 'terima'),
(798, 'term'),
(44, 'text'),
(800, 'tf'),
(592, 'tiap'),
(899, 'tinggi'),
(851, 'tingkat'),
(487, 'tinta'),
(567, 'tra'),
(166, 'transformasi'),
(253, 'tugas'),
(222, 'tukar'),
(70, 'tulis'),
(696, 'tumbuh'),
(125, 'tunjang'),
(212, 'tunjuk'),
(325, 'turun'),
(961, 'turut'),
(174, 'ubah'),
(473, 'uji'),
(135, 'ukur'),
(131, 'umum'),
(119, 'upa'),
(919, 'upgma'),
(690, 'user'),
(703, 'utama'),
(77, 'vector'),
(882, 'vektor'),
(708, 'versi'),
(425, 'video'),
(404, 'vision'),
(134, 'visual'),
(750, 'volume'),
(57, 'wakil'),
(103, 'waktu'),
(40, 'walaupun'),
(357, 'warna'),
(21, 'wartawan'),
(264, 'wav'),
(544, 'wireless'),
(826, 'word'),
(604, 'wsn'),
(779, 'www'),
(676, 'yanag');

-- --------------------------------------------------------

--
-- Table structure for table `class`
--

CREATE TABLE IF NOT EXISTS `class` (
`id_class` int(5) NOT NULL,
  `class_name` varchar(30) NOT NULL
) ENGINE=InnoDB AUTO_INCREMENT=4 DEFAULT CHARSET=latin1;

--
-- Dumping data for table `class`
--

INSERT INTO `class` (`id_class`, `class_name`) VALUES
(2, 'image'),
(1, 'ir'),
(3, 'jarkom');

-- --------------------------------------------------------

--
-- Table structure for table `classification`
--

CREATE TABLE IF NOT EXISTS `classification` (
`id_classification` int(10) NOT NULL,
  `id_doc_testing` int(10) NOT NULL,
  `class` varchar(20) NOT NULL
) ENGINE=InnoDB DEFAULT CHARSET=latin1;

-- --------------------------------------------------------

--
-- Table structure for table `distance`
--

CREATE TABLE IF NOT EXISTS `distance` (
`id_distance` int(10) NOT NULL,
  `id_doc_training` int(10) NOT NULL,
  `id_doc_testing` int(10) NOT NULL,
  `distance` double NOT NULL
) ENGINE=InnoDB DEFAULT CHARSET=latin1;

-- --------------------------------------------------------

--
-- Table structure for table `document_testing`
--

CREATE TABLE IF NOT EXISTS `document_testing` (
`id_doc` int(10) NOT NULL,
  `title` varchar(50) NOT NULL,
  `content` text NOT NULL
) ENGINE=InnoDB DEFAULT CHARSET=latin1;

-- --------------------------------------------------------

--
-- Table structure for table `document_training`
--

CREATE TABLE IF NOT EXISTS `document_training` (
`id_doc` int(10) NOT NULL,
  `id_class` int(5) DEFAULT NULL,
  `title` varchar(50) NOT NULL,
  `abstract` varchar(1200) NOT NULL,
  `content` text NOT NULL
) ENGINE=InnoDB AUTO_INCREMENT=10 DEFAULT CHARSET=latin1;

--
-- Dumping data for table `document_training`
--

INSERT INTO `document_training` (`id_doc`, `id_class`, `title`, `abstract`, `content`) VALUES
(1, 1, 'PEMILAHAN ARTIKEL BERITA DENGAN TEXT MINING', 'Seiring pesatnya perkembangan internet     bermunculan  situs  blog  menyediakan   artikel berita  online   Sebuah artikel    diterbitkan   dikirim  wartawan   editor  dipilah  Pemilahan jenis berita relatif mudah   manusia      dibawa  level pemilahan  otomasi  komputer  membawa permasalahan tersendiri    berita   pendek  Text mining  salah    diharapkan  mengatasi permasalahan    Dengan text mining   dicari     mewakili isi  artikel berita   ditentukan kategorinya berdasarkan frekuensi      dalamnya  Tahapan  penulis lakukan  penelitian       pembuatan database vector  keyword   ii  pemilahan sumber berita berdasarkan database  langkah     Paper  diharapkan  membantu sistem redaksi elektronik   memilah   kategori   artikel berita    editor  menghemat   biaya  menjalankan bisnis  model kantor berita elektronik on line berbasis internet ', 'Seiring pesatnya perkembangan internet, semakin banyak pula bermunculan  situs atau blog yang menyediakan berbagai macam artikel berita secara online.  Sebuah artikel, sebelum dapat diterbitkan, awalnya dikirim oleh wartawan ke  editor untuk dipilah. Pemilahan jenis berita relatif mudah dilakukan oleh manusia, tetapi jika kasus ini dibawa ke level pemilahan secara otomasi dengan komputer akan membawa permasalahan tersendiri, walaupun untuk berita yang lebih pendek. Text mining adalah salah satu cara yang diharapkan dapat mengatasi permasalahan di atas. Dengan text mining, dapat dicari kata-kata yang dapat mewakili isi dari artikel berita, lalu ditentukan kategorinya berdasarkan frekuensi kata-kata yang terdapat di dalamnya. Tahapan yang penulis lakukan pada penelitian ini adalah: (i) pembuatan database vector untuk keyword, (ii) pemilahan sumber berita berdasarkan database dari langkah (i). Paper ini diharapkan dapat membantu sistem redaksi elektronik untuk dapat memilah atau mengetahui kategori dari sebuah artikel berita tanpa memerlukan seorang editor sehingga menghemat waktu dan biaya dalam menjalankan bisnis pada model kantor berita elektronik on-line berbasis internet.'),
(2, 2, 'PENGOLAHAN CITRA DIGITAL DAN ANALISIS KUANTITATIF ', 'Banyak peralatan mikroskop elektron    citra digital    dilengkapi perangkat penunjang   pengolahan  analisis citra  kuantitatif  Umumnya analisis   visual  pengukuran   manual  Perkembangan metoda matematika   analisis bentuk   pengenalan pola     analisis citra mikroskopik  otomatis  komputer  Program pengolahan citra    analisis tekstur  struktur periodik daTi citra   transformasi Fourier  Untuk memperjelas tampilan obyek  latar     mengubah histogram citra  Dengan berkembangnya bahan bahan komposit  analisis Fourier  domain frekuensi     mengukur orientasi kristalograti Analsis struktur periodik  orientasi kristal  kunci  memahami  sifat sifat material  kekuatan mekanik  kelenturan  konduktivitas panas  resistansi  kapasitansi  sifat sifat listrik  magnit bahan   Dalam makalah    aplikasi  program pengolahan  analisis citra digital  citra mikroskopik ', 'Banyak peralatan mikroskop elektron walaupun sudah berupa citra digital tetapi belum seluruhnya dilengkapi perangkat penunjang untuk melakukan pengolahan dan analisis citra secara kuantitatif. Umumnya analisis dilakukan secara visual dan pengukuran dilakukan secara manual. Perkembangan metoda matematika baik untuk analisis bentuk maupun untuk pengenalan pola, memungkinkan dapat dilakukan analisis citra mikroskopik secara otomatis menggunakan komputer. Program pengolahan citra dapat digunakan untuk analisis tekstur atau struktur periodik daTi citra dengan menggunakan transformasi Fourier. Untuk memperjelas tampilan obyek terhadap latar belakang dapat dilakukan dengan mengubah histogram citra. Dengan berkembangnya bahan-bahan komposit, analisis Fourier dalam domain frekuensi menjadi penting yaitu untuk mengukur orientasi kristalograti Analsis struktur periodik dan orientasi kristal adalah kunci untuk memahami banyak sifat-sifat material seperti kekuatan mekanik, kelenturan, konduktivitas panas, resistansi, kapasitansi dan sifat-sifat listrik dan magnit bahan lainnya. Dalam makalah ini akan ditunjukkan aplikasi dari program pengolahan dan analisis citra digital pada citra mikroskopik.'),
(3, 3, 'PENGAMANAN PESAN TEXT DENGAN METODE KRIPTOGRAFI AD', 'Aktivitas pertukaran informasi yang sangat besar memacu adanya pengembangan teknologi informasi untuk bisa menjaga kualitas pengiriman informasi. Kualitas yang dimaksud mengarah kepada keamanan sewaktu pengiriman informasi sehingga data yang dipertukarkan benar-benar tidak mengalami intervensi dari pihak lain yang tidak mempunyai previleges akan data tersebut. Salah satu ilmu yang dipakai sebagai dasar untuk mengembangkan teknologi pengamanan pengiriman data adalah steganografi. Pada Tugas Akhir ini dilakukan studi mengenai penerapan steganografi dengan teknik Echo data Hiding pada media audio WAV yang diimplementasikan diatas perangkat mobile phone. Oleh karena itu diperlukan juga studi terhadap representasi dan struktur WAV tersebut beserta strategi penerapannya pada perangkat mobile phone . Perangkat lunak yang dikembangkan pada Tugas Akhir ini bernama DinusStego yang berfungsi untuk melakukan steganografi pada media audio WAV. Pada Tugas Akhir ini, implementasi steganografi akan disertai dengan penerapan kriptografi berupa enkripsi dan dekripsi. Pesan yang sudah dienkripsi terlebih dahulu akan disembunyikan secara merata pada setiap offset pada WAV . Pembagian ini akan disesuai', 'Aktivitas pertukaran informasi    memacu  pengembangan teknologi informasi   menjaga kualitas pengiriman informasi  Kualitas   mengarah  keamanan  pengiriman informasi  data  dipertukarkan    mengalami intervensi       previleges  data   Salah  ilmu  dipakai  dasar  mengembangkan teknologi pengamanan pengiriman data  steganografi  Pada Tugas Akhir   studi  penerapan steganografi  teknik Echo data Hiding  media audio WAV  diimplementasikan diatas perangkat mobile phone  Oleh     studi  representasi  struktur WAV  beserta strategi penerapannya  perangkat mobile phone   Perangkat lunak  dikembangkan  Tugas Akhir  bernama DinusStego  berfungsi   steganografi  media audio WAV  Pada Tugas Akhir   implementasi steganografi  disertai  penerapan kriptografi  enkripsi  dekripsi  Pesan   dienkripsi    disembunyikan  merata   offset  WAV   Pembagian   disesuaikan   bit pesan beserta struktur   sample    Pesan   diekstraksi  region  didekripsi    pesan asli  Objek steganografi  dihasilkan mengandung noise    penurunan nilai kekuatan sinyal  nilai PSNR cenderung menurun  kapasitas pesan  disembunyikan     '),
(4, 2, 'KOMPRESI CITRA BERWARNA MENGGUNAKAN METODE POHON B', 'Makalah ini membahas tentang algoritma kompresi citra dengan menggunakan metode pohon biner Huffman. Metode ini biasanya digunakan untuk mengkompres file teks dikembangkan menjadi algoritma untuk mengkompres citra berwarna. Hasil yang diperoleh menunjukan bahwa algoritma ini memiliki nilai rasio kompresi di atas satu jika jumlah warna yang terdapat dalam citra tidak lebih dari 100 warna. Sedang kualitas citra hasil dekompresinya memiliki kualitas yang sama dengan citra aslinya.', 'Makalah ini membahas tentang algoritma kompresi citra dengan menggunakan metode pohon biner Huffman. Metode ini biasanya digunakan untuk mengkompres file teks dikembangkan menjadi algoritma untuk mengkompres citra berwarna. Hasil yang diperoleh menunjukan bahwa algoritma ini memiliki nilai rasio kompresi di atas satu jika jumlah warna yang terdapat dalam citra tidak lebih dari 100 warna. Sedang kualitas citra hasil dekompresinya memiliki kualitas yang sama dengan citra aslinya.'),
(5, 2, 'PURWARUPA PENGHITUNG JASA PEMAKAIAN PRINTER MENGGU', 'Telah dibuat purwarupa penghitung jasa pemakaian printer menggunakan penerapan pengolahan pengolahan citra digital. Sistem penghitung jasa kertas ini dibuat dengan memanfaatkan computer vision . Metode yang digunakan dalam sistem ini adalah dengan RAW piksel suatu gambar. Sebelum dilakukan pengolahan citra , tahapan yang dilakukan adalah pendeteksian lembar kertas dengan menggunakan sensor optocoupler, dilanjutkan dengan pengambilan video hasil cetakan kertas. Pada pengolahan citra , video akan diproses dan diubah dalam bentuk gambar. Gambar ini akan dideteksi RAW pikselnya dan diukur rentang nilai RGB minimum dan maksimum gambar tersebut. Nilai RGB dari kertas akan dijadikan setpoint sebagai pendeteksian hasil cetakan kertas. Pemrograman yang digunakan dalam pembuatan purwarupa ini adalah Code Vision AVR dan menggunakan Borland Delphi 7. Bahasa pemrograman yang digunakan adalah C++ dan pascal. Pengujian dilakukan dengan mencetak dokumen kedalam bentuk kertas dengan menggunakan printer. Kertas yang keluar akan dideteksi berupa kertas dengan tinta hitam atau warna lainnya. Hasil cetakan yang digunakan memiliki warna hitam dengan nilai RGBnya berada di range R(65-85),G(95-100),B(65-7', 'Telah dibuat purwarupa penghitung jasa pemakaian printer menggunakan penerapan pengolahan pengolahan citra digital. Sistem penghitung jasa kertas ini dibuat dengan memanfaatkan computer vision . Metode yang digunakan dalam sistem ini adalah dengan RAW piksel suatu gambar. Sebelum dilakukan pengolahan citra , tahapan yang dilakukan adalah pendeteksian lembar kertas dengan menggunakan sensor optocoupler, dilanjutkan dengan pengambilan video hasil cetakan kertas. Pada pengolahan citra , video akan diproses dan diubah dalam bentuk gambar. Gambar ini akan dideteksi RAW pikselnya dan diukur rentang nilai RGB minimum dan maksimum gambar tersebut. Nilai RGB dari kertas akan dijadikan setpoint sebagai pendeteksian hasil cetakan kertas. Pemrograman yang digunakan dalam pembuatan purwarupa ini adalah Code Vision AVR dan menggunakan Borland Delphi 7. Bahasa pemrograman yang digunakan adalah C++ dan pascal. Pengujian dilakukan dengan mencetak dokumen kedalam bentuk kertas dengan menggunakan printer. Kertas yang keluar akan dideteksi berupa kertas dengan tinta hitam atau warna lainnya. Hasil cetakan yang digunakan memiliki warna hitam dengan nilai RGBnya berada di range R(65-85),G(95-100),B(65-78). Dari hasil pengujian, metode menggunakan RAW piksel dapat memberikan hasil yang terbaik apabila hasil cetak dari printer juga baik. Hal-hal yang berpengaruh terhadap metode ini antara lain kondisi kamera, range RGB hasil cetakan setiap warna. Hasil akhir dari sistem ini adalah pembedaan warna kertas dan hasil jasa pemakaian printer.'),
(6, 3, 'SIMULASI ROUTING PROTOKOL PADA JARINGAN SENSOR NIR', 'Jaringan Sensor Nirkabel (Wireless Sensor Network) terdiri atas sejumlah besar sensor node yang bebas. Setiap node memiliki kemampuan untuk mengirim, menerima dan mendeteksi. Selain itu sensornode juga di lengkapi dengan peralatan pemrosesan data, penyimpanan data sementra atau memory, peralatan komunikasi dan power supply atau baterai. Pada paper ini akan dijelaskan sebuah routing protocol pada Wireless Sensor Network dengan menggunakan pendekatan secara pengelompokan (cluster based). Routing yang akan disimulasikan, dibuat berdasarkan cluster tiap node. Masalah yang akan dipaparkan yaitu bagaimana perencanaan konfigurasi, simulasi implementasi cluster based routing pada WSN serta bagaimana pengaruh metode ini terhadap kinerja system. Pada metode cluster based routing perhitungan didasarkan pada jarak dan efisiensi energy yang digunakan, dikarenakan node mengirim informasi melalui cluster head, maka energy dapat dihemat untuk memperpanjang lifetime jaringan tersebut. Hasil yang diharapkan pada paper ini adalah membuat sebuah jalur routing yang cepat dan efisien pada penggunaan energy, energy yang diperlukan satu node untuk satu kali pengiriman data sebesar 200–500 bit', 'Jaringan Sensor Nirkabel (Wireless Sensor Network) terdiri atas sejumlah besar sensor node yang bebas. Setiap node memiliki kemampuan untuk mengirim, menerima dan mendeteksi. Selain itu sensornode juga di lengkapi dengan peralatan pemrosesan data, penyimpanan data sementra atau memory, peralatan komunikasi dan power supply atau baterai. Pada paper ini akan dijelaskan sebuah routing protocol pada Wireless Sensor Network dengan menggunakan pendekatan secara pengelompokan (cluster based). Routing yang akan disimulasikan, dibuat berdasarkan cluster tiap node. Masalah yang akan dipaparkan yaitu bagaimana perencanaan konfigurasi, simulasi implementasi cluster based routing pada WSN serta bagaimana pengaruh metode ini terhadap kinerja system. Pada metode cluster based routing perhitungan didasarkan pada jarak dan efisiensi energy yang digunakan, dikarenakan node mengirim informasi melalui cluster head, maka energy dapat dihemat untuk memperpanjang lifetime jaringan tersebut. Hasil yang diharapkan pada paper ini adalah membuat sebuah jalur routing yang cepat dan efisien pada penggunaan energy, energy yang diperlukan satu node untuk satu kali pengiriman data sebesar 200–500 bit'),
(7, 3, 'PERBANDINGAN INTERNET PROTOCOL VERSI 4 DAN VERSI 6', 'Perkembangan Internet semakin hari semakin menakjubkan, tiap hari kita dihadapkan oleh berbagai macam informasi, baik secara tertulis maupun visual. Salah satunya ialah Internet yanag dapat melakukan berbagai macam aktivitas bagi kita seperti browsing, chatting, surfing, blogging dan lain sebagainya. Terkhususnya untuk Internet yang semakin familiar dengan para user dari berbagai macam kalangan diseluruh dunia. Pertumbuhan Internet yang begitu cepat mengakibatkankan hampir habisnya alamat terutama alamat IPv4 (Internet protocol versi 4) serta membutuhkan keamanan yang lebih terjamin pada IP level ini, untuk itu dibangunlah sebuah protocol dan standar yang dikenal sebagai IPv6 (Internet Protocol versi 6) untuk meminimalkan dampak atau kelemahan dari protokol versi sebelumnya, untuk itu para pemakai baru harus dapat membiasakan dan membedakan baik dari segi kehandalan, fitur, kelemahan,dari dua macam Internet protokol utama ini yang akan diterapkan pada penggunaan kedepan yang semakin global. ', 'Perkembangan Internet semakin hari semakin menakjubkan, tiap hari kita dihadapkan oleh berbagai macam informasi, baik secara tertulis maupun visual. Salah satunya ialah Internet yanag dapat melakukan berbagai macam aktivitas bagi kita seperti browsing, chatting, surfing, blogging dan lain sebagainya. Terkhususnya untuk Internet yang semakin familiar dengan para user dari berbagai macam kalangan diseluruh dunia. Pertumbuhan Internet yang begitu cepat mengakibatkankan hampir habisnya alamat terutama alamat IPv4 (Internet protocol versi 4) serta membutuhkan keamanan yang lebih terjamin pada IP level ini, untuk itu dibangunlah sebuah protocol dan standar yang dikenal sebagai IPv6 (Internet Protocol versi 6) untuk meminimalkan dampak atau kelemahan dari protokol versi sebelumnya, untuk itu para pemakai baru harus dapat membiasakan dan membedakan baik dari segi kehandalan, fitur, kelemahan,dari dua macam Internet protokol utama ini yang akan diterapkan pada penggunaan kedepan yang semakin global. '),
(8, 1, 'Clustering Berita Berbahasa Indonesia', 'Volume berita elektronik berbahasa Indonesia     sumber informasi  berharga  Clustering dokumen teks  salah  operasi  text mining  mengelompokkan dokumen  memiliki kesamaan isi  Clustering  diaplikasikan  menemukan keterkaitan  berita  Eksperimen  paper        berita  situs www kompas com  diambil   Juni        November       Hasil  eksperimen  clustering   keterkaitan  berita      Clustering  eksperimen   algoritma K means  Penggunaan stemming  pembobotan term log tf  log tf idf  diujicobakan   pengaruhnya  kualitas cluster  diukur  purity ', 'Volume berita elektronik berbahasa Indonesia     sumber informasi  berharga  Clustering dokumen teks  salah  operasi  text mining  mengelompokkan dokumen  memiliki kesamaan isi  Clustering  diaplikasikan  menemukan keterkaitan  berita  Eksperimen  paper        berita  situs www kompas com  diambil   Juni        November       Hasil  eksperimen  clustering   keterkaitan  berita      Clustering  eksperimen   algoritma K means  Penggunaan stemming  pembobotan term log tf  log tf idf  diujicobakan   pengaruhnya  kualitas cluster  diukur  purity '),
(9, 1, 'TEMU KEMBALI INFORMASI BERBASIS KLUSTER UNTUK SIST', 'Volume informasi teks yang berkembang eksponensial menyebabkan kesulitan dalam proses temu kembali informasi, utamanya pada model perolehan informasi linear berbasis word matching yang umumnya tidak efektif. Faktor sinonim dari kata menjadi penyebab munculnya dokumen tidak relevan dalam perolehan, sebaliknya faktor polisemy menyebabkan banyak dokumen yang relevan tidak terpanggil. Penerapan clustering dokumen dipercaya dapat meningkatkan kinerja berdasar satu hypothesis bahwa dokumen yang relevan terhadap suatu query cenderung berada dalam kluster yang sama.  Penelitian ini melakukan kajian penerapan clustering dokumen untuk meningkatkan perolehan informasi dengan cara melakukan retrieval berbasis kluster (cluster-based retrieval) dengan model ruang vektor. Koleksi dokumen mula-mula dikluster dan representasi kluster digunakan vektor pusat kluster. Dokumen-dokuman dalam kluster yang pusat klusternya memiliki similaritas tertinggi terhadap query dipilih sebagai perolehan.  Metode clustering yang dipilih adalah metode partitional, yaitu algoritma Bisecting K-Mean dan Buckshot, dan metode hierarchical agglomerative dengan algoritma perhitungan similaritas kluster UPGMA dan Complete Li', 'Volume informasi teks yang berkembang eksponensial menyebabkan kesulitan dalam proses temu kembalia informasi, utamanya pada model perolehan informasi linear berbasis word matching yang umumnya tidak efektif. Faktor sinonim dari kata menjadi penyebab munculnya dokumen tidak relevan dalam perolehan, sebaliknya faktor polisemy menyebabkan banyak dokumen yang relevan tidak terpanggil. Penerapan clustering dokumen dipercaya dapat meningkatkan kinerja berdasar satu hypothesis bahwa dokumen yang relevan terhadap suatu query cenderung berada dalam kluster yang sama.  Penelitian ini melakukan kajian penerapan clustering dokumen untuk meningkatkan perolehan informasi dengan cara melakukan retrieval berbasis kluster (cluster-based retrieval) dengan model ruang vektor. Koleksi dokumen mula-mula dikluster dan representasi kluster digunakan vektor pusat kluster. Dokumen-dokuman dalam kluster yang pusat klusternya memiliki similaritas tertinggi terhadap query dipilih sebagai perolehan.  Metode clustering yang dipilih adalah metode partitional, yaitu algoritma Bisecting K-Mean dan Buckshot, dan metode hierarchical agglomerative dengan algoritma perhitungan similaritas kluster UPGMA dan Complete Link. Kriteria kinerja perolehan informasi diukur dengan parameter F-measure yang diturunkan dari Precision dan Recall dari retrieval. Koleksi dokumen yang digunakan adalah 1000 dokumen berita yang telah diketahui struktur klusternya dan 3000 dokumen berita dengan struktur kluster belum diketahui. Hasil penelitian menunjukkan bahwa pada koleksi yang dicobakan terjadi peningkatan kinerja perolehan informasi berbasis kluster sebesar berturut-turut 12.3% dan 9.5% dibandingkan dengan perolehan linear berbasis word –matching.');

-- --------------------------------------------------------

--
-- Table structure for table `term_freq`
--

CREATE TABLE IF NOT EXISTS `term_freq` (
`id_freq` int(10) NOT NULL,
  `id_doc` int(10) NOT NULL,
  `id_term` int(10) NOT NULL,
  `freq` int(5) NOT NULL
) ENGINE=InnoDB AUTO_INCREMENT=635 DEFAULT CHARSET=latin1;

--
-- Dumping data for table `term_freq`
--

INSERT INTO `term_freq` (`id_freq`, `id_doc`, `id_term`, `freq`) VALUES
(1, 1, 1, 1),
(2, 1, 2, 1),
(3, 1, 3, 1),
(4, 1, 4, 2),
(5, 1, 5, 1),
(6, 1, 6, 1),
(7, 1, 7, 1),
(8, 1, 8, 1),
(9, 1, 9, 1),
(10, 1, 10, 1),
(11, 1, 11, 1),
(12, 1, 12, 1),
(13, 1, 13, 4),
(14, 1, 14, 7),
(15, 1, 15, 1),
(16, 1, 16, 2),
(17, 1, 18, 1),
(18, 1, 19, 1),
(19, 1, 20, 1),
(20, 1, 21, 1),
(21, 1, 22, 2),
(22, 1, 23, 4),
(23, 1, 25, 1),
(24, 1, 27, 1),
(25, 1, 28, 1),
(26, 1, 29, 2),
(27, 1, 30, 1),
(28, 1, 31, 1),
(29, 1, 32, 2),
(30, 1, 33, 1),
(31, 1, 35, 1),
(32, 1, 36, 1),
(33, 1, 38, 2),
(34, 1, 39, 1),
(35, 1, 40, 1),
(36, 1, 42, 1),
(37, 1, 43, 1),
(38, 1, 44, 2),
(39, 1, 45, 2),
(40, 1, 46, 1),
(41, 1, 47, 1),
(42, 1, 48, 1),
(43, 1, 49, 2),
(44, 1, 50, 2),
(45, 1, 55, 1),
(46, 1, 56, 2),
(47, 1, 57, 1),
(48, 1, 58, 1),
(49, 1, 61, 1),
(50, 1, 62, 1),
(51, 1, 63, 2),
(52, 1, 64, 2),
(53, 1, 65, 1),
(54, 1, 67, 1),
(55, 1, 68, 1),
(56, 1, 69, 1),
(57, 1, 70, 1),
(58, 1, 72, 1),
(59, 1, 73, 1),
(60, 1, 74, 2),
(61, 1, 75, 1),
(62, 1, 76, 2),
(63, 1, 77, 1),
(64, 1, 78, 1),
(65, 1, 79, 1),
(66, 1, 81, 1),
(67, 1, 85, 1),
(68, 1, 87, 1),
(69, 1, 89, 1),
(70, 1, 90, 1),
(71, 1, 91, 1),
(72, 1, 92, 2),
(73, 1, 93, 1),
(74, 1, 94, 1),
(75, 1, 99, 1),
(76, 1, 100, 1),
(77, 1, 102, 1),
(78, 1, 103, 1),
(79, 1, 104, 1),
(80, 1, 105, 1),
(81, 1, 106, 1),
(82, 1, 107, 1),
(83, 1, 108, 1),
(84, 1, 111, 1),
(85, 1, 112, 1),
(86, 2, 3, 2),
(87, 2, 6, 2),
(88, 2, 29, 5),
(89, 2, 36, 1),
(90, 2, 40, 1),
(91, 2, 65, 1),
(92, 2, 115, 1),
(93, 2, 116, 1),
(94, 2, 117, 1),
(95, 2, 119, 1),
(96, 2, 120, 8),
(97, 2, 121, 2),
(98, 2, 122, 1),
(99, 2, 123, 1),
(100, 2, 124, 1),
(101, 2, 125, 1),
(102, 2, 127, 3),
(103, 2, 128, 7),
(104, 2, 130, 1),
(105, 2, 131, 1),
(106, 2, 134, 1),
(107, 2, 135, 2),
(108, 2, 137, 1),
(109, 2, 139, 1),
(110, 2, 140, 1),
(111, 2, 141, 1),
(112, 2, 143, 1),
(113, 2, 144, 1),
(114, 2, 145, 1),
(115, 2, 146, 1),
(116, 2, 147, 1),
(117, 2, 151, 2),
(118, 2, 152, 1),
(119, 2, 153, 3),
(120, 2, 155, 2),
(121, 2, 160, 1),
(122, 2, 161, 2),
(123, 2, 162, 2),
(124, 2, 163, 1),
(125, 2, 166, 1),
(126, 2, 167, 2),
(127, 2, 168, 1),
(128, 2, 169, 1),
(129, 2, 170, 1),
(130, 2, 171, 1),
(131, 2, 172, 1),
(132, 2, 174, 1),
(133, 2, 175, 1),
(134, 2, 178, 2),
(135, 2, 179, 1),
(136, 2, 182, 1),
(137, 2, 184, 1),
(138, 2, 185, 1),
(139, 2, 187, 2),
(140, 2, 188, 1),
(141, 2, 189, 1),
(142, 2, 193, 1),
(143, 2, 194, 1),
(144, 2, 195, 1),
(145, 2, 197, 2),
(146, 2, 198, 1),
(147, 2, 199, 1),
(148, 2, 200, 1),
(149, 2, 201, 1),
(150, 2, 202, 1),
(151, 2, 203, 1),
(152, 2, 204, 1),
(153, 2, 205, 1),
(154, 2, 207, 1),
(155, 2, 208, 1),
(156, 2, 210, 1),
(157, 2, 211, 1),
(158, 2, 212, 1),
(159, 2, 213, 1),
(160, 3, 3, 3),
(161, 3, 20, 3),
(162, 3, 46, 1),
(163, 3, 50, 1),
(164, 3, 64, 1),
(165, 3, 124, 3),
(166, 3, 161, 2),
(167, 3, 199, 1),
(168, 3, 221, 1),
(169, 3, 222, 2),
(170, 3, 223, 4),
(171, 3, 224, 1),
(172, 3, 226, 2),
(173, 3, 228, 1),
(174, 3, 229, 2),
(175, 3, 233, 1),
(176, 3, 234, 2),
(177, 3, 237, 4),
(178, 3, 239, 1),
(179, 3, 240, 1),
(180, 3, 241, 1),
(181, 3, 244, 1),
(182, 3, 245, 1),
(183, 3, 252, 5),
(184, 3, 253, 3),
(185, 3, 254, 3),
(186, 3, 255, 2),
(187, 3, 256, 3),
(188, 3, 258, 1),
(189, 3, 259, 1),
(190, 3, 261, 1),
(191, 3, 262, 2),
(192, 3, 263, 2),
(193, 3, 264, 4),
(194, 3, 265, 2),
(195, 3, 268, 2),
(196, 3, 269, 2),
(197, 3, 271, 1),
(198, 3, 274, 3),
(199, 3, 275, 1),
(200, 3, 281, 1),
(201, 3, 285, 1),
(202, 3, 286, 1),
(203, 3, 287, 1),
(204, 3, 298, 1),
(205, 3, 299, 2),
(206, 3, 300, 1),
(207, 3, 301, 5),
(208, 3, 303, 2),
(209, 3, 304, 1),
(210, 3, 305, 1),
(211, 3, 307, 1),
(212, 3, 308, 1),
(213, 3, 309, 1),
(214, 3, 313, 1),
(215, 3, 315, 1),
(216, 3, 316, 1),
(217, 3, 317, 1),
(218, 3, 319, 1),
(219, 3, 320, 1),
(220, 3, 322, 1),
(221, 3, 323, 1),
(222, 3, 324, 1),
(223, 3, 325, 2),
(224, 3, 326, 2),
(225, 3, 328, 1),
(226, 3, 330, 1),
(227, 3, 331, 1),
(228, 3, 333, 1),
(229, 4, 3, 1),
(230, 4, 42, 1),
(231, 4, 47, 1),
(232, 4, 50, 1),
(233, 4, 67, 1),
(234, 4, 120, 5),
(235, 4, 153, 2),
(236, 4, 184, 1),
(237, 4, 211, 1),
(238, 4, 212, 1),
(239, 4, 229, 2),
(240, 4, 319, 1),
(241, 4, 322, 2),
(242, 4, 326, 1),
(243, 4, 337, 1),
(244, 4, 338, 3),
(245, 4, 339, 2),
(246, 4, 342, 2),
(247, 4, 343, 1),
(248, 4, 344, 1),
(249, 4, 345, 1),
(250, 4, 347, 1),
(251, 4, 349, 2),
(252, 4, 350, 1),
(253, 4, 351, 1),
(254, 4, 357, 3),
(255, 4, 359, 1),
(256, 4, 362, 2),
(257, 4, 364, 1),
(258, 4, 368, 1),
(259, 4, 373, 1),
(260, 4, 375, 1),
(261, 4, 379, 1),
(262, 4, 382, 1),
(263, 5, 29, 3),
(264, 5, 68, 1),
(265, 5, 69, 1),
(266, 5, 75, 3),
(267, 5, 90, 3),
(268, 5, 119, 1),
(269, 5, 120, 3),
(270, 5, 121, 1),
(271, 5, 127, 4),
(272, 5, 135, 1),
(273, 5, 141, 2),
(274, 5, 143, 2),
(275, 5, 153, 9),
(276, 5, 174, 1),
(277, 5, 184, 1),
(278, 5, 210, 1),
(279, 5, 245, 2),
(280, 5, 254, 1),
(281, 5, 256, 1),
(282, 5, 322, 9),
(283, 5, 326, 3),
(284, 5, 342, 3),
(285, 5, 357, 4),
(286, 5, 362, 1),
(287, 5, 386, 2),
(288, 5, 387, 2),
(289, 5, 388, 3),
(290, 5, 390, 4),
(291, 5, 400, 9),
(292, 5, 402, 1),
(293, 5, 403, 1),
(294, 5, 404, 2),
(295, 5, 408, 3),
(296, 5, 409, 2),
(297, 5, 410, 1),
(298, 5, 411, 4),
(299, 5, 417, 4),
(300, 5, 418, 1),
(301, 5, 421, 1),
(302, 5, 422, 1),
(303, 5, 423, 1),
(304, 5, 424, 1),
(305, 5, 425, 2),
(306, 5, 427, 6),
(307, 5, 432, 1),
(308, 5, 439, 1),
(309, 5, 441, 1),
(310, 5, 443, 3),
(311, 5, 444, 1),
(312, 5, 445, 1),
(313, 5, 447, 1),
(314, 5, 452, 1),
(315, 5, 457, 2),
(316, 5, 461, 1),
(317, 5, 463, 1),
(318, 5, 465, 1),
(319, 5, 466, 1),
(320, 5, 467, 1),
(321, 5, 468, 1),
(322, 5, 471, 1),
(323, 5, 472, 1),
(324, 5, 473, 2),
(325, 5, 476, 1),
(326, 5, 483, 1),
(327, 5, 487, 1),
(328, 5, 488, 2),
(329, 5, 498, 1),
(330, 5, 499, 1),
(331, 5, 500, 2),
(332, 5, 501, 1),
(333, 5, 502, 1),
(334, 5, 503, 1),
(335, 5, 504, 1),
(336, 5, 505, 1),
(337, 5, 506, 1),
(338, 5, 513, 1),
(339, 5, 516, 1),
(340, 5, 521, 1),
(341, 5, 522, 1),
(342, 5, 524, 1),
(343, 5, 525, 1),
(344, 5, 534, 1),
(345, 6, 16, 2),
(346, 6, 20, 3),
(347, 6, 38, 1),
(348, 6, 47, 2),
(349, 6, 49, 1),
(350, 6, 50, 1),
(351, 6, 61, 1),
(352, 6, 64, 2),
(353, 6, 75, 2),
(354, 6, 87, 2),
(355, 6, 99, 1),
(356, 6, 102, 1),
(357, 6, 115, 2),
(358, 6, 123, 1),
(359, 6, 153, 3),
(360, 6, 168, 1),
(361, 6, 223, 1),
(362, 6, 237, 3),
(363, 6, 265, 1),
(364, 6, 309, 1),
(365, 6, 322, 1),
(366, 6, 342, 2),
(367, 6, 362, 1),
(368, 6, 368, 1),
(369, 6, 387, 1),
(370, 6, 417, 1),
(371, 6, 421, 4),
(372, 6, 447, 1),
(373, 6, 522, 1),
(374, 6, 541, 2),
(375, 6, 543, 1),
(376, 6, 544, 2),
(377, 6, 546, 2),
(378, 6, 547, 1),
(379, 6, 550, 2),
(380, 6, 552, 5),
(381, 6, 553, 1),
(382, 6, 556, 1),
(383, 6, 558, 1),
(384, 6, 560, 1),
(385, 6, 563, 1),
(386, 6, 565, 1),
(387, 6, 567, 1),
(388, 6, 568, 1),
(389, 6, 570, 1),
(390, 6, 571, 1),
(391, 6, 572, 1),
(392, 6, 573, 1),
(393, 6, 577, 5),
(394, 6, 578, 1),
(395, 6, 583, 1),
(396, 6, 584, 1),
(397, 6, 585, 5),
(398, 6, 586, 3),
(399, 6, 588, 2),
(400, 6, 592, 1),
(401, 6, 595, 1),
(402, 6, 596, 2),
(403, 6, 597, 1),
(404, 6, 598, 1),
(405, 6, 604, 1),
(406, 6, 608, 1),
(407, 6, 609, 1),
(408, 6, 616, 1),
(409, 6, 617, 1),
(410, 6, 618, 4),
(411, 6, 620, 1),
(412, 6, 626, 1),
(413, 6, 629, 1),
(414, 6, 630, 1),
(415, 6, 638, 1),
(416, 6, 640, 1),
(417, 6, 641, 1),
(418, 6, 649, 1),
(419, 6, 653, 1),
(420, 6, 654, 1),
(421, 7, 3, 1),
(422, 7, 4, 7),
(423, 7, 5, 4),
(424, 7, 11, 4),
(425, 7, 12, 4),
(426, 7, 16, 1),
(427, 7, 29, 1),
(428, 7, 33, 1),
(429, 7, 42, 1),
(430, 7, 46, 1),
(431, 7, 47, 1),
(432, 7, 70, 1),
(433, 7, 122, 1),
(434, 7, 134, 1),
(435, 7, 141, 2),
(436, 7, 144, 1),
(437, 7, 145, 1),
(438, 7, 153, 1),
(439, 7, 221, 1),
(440, 7, 223, 1),
(441, 7, 234, 1),
(442, 7, 245, 1),
(443, 7, 256, 1),
(444, 7, 347, 1),
(445, 7, 534, 1),
(446, 7, 578, 3),
(447, 7, 592, 1),
(448, 7, 640, 1),
(449, 7, 659, 2),
(450, 7, 661, 1),
(451, 7, 664, 1),
(452, 7, 674, 1),
(453, 7, 676, 1),
(454, 7, 681, 1),
(455, 7, 682, 1),
(456, 7, 683, 1),
(457, 7, 684, 1),
(458, 7, 686, 1),
(459, 7, 689, 1),
(460, 7, 690, 1),
(461, 7, 693, 1),
(462, 7, 695, 1),
(463, 7, 696, 1),
(464, 7, 699, 1),
(465, 7, 700, 1),
(466, 7, 701, 1),
(467, 7, 702, 2),
(468, 7, 703, 2),
(469, 7, 705, 1),
(470, 7, 708, 3),
(471, 7, 709, 1),
(472, 7, 710, 1),
(473, 7, 713, 1),
(474, 7, 714, 1),
(475, 7, 716, 1),
(476, 7, 719, 1),
(477, 7, 721, 1),
(478, 7, 725, 1),
(479, 7, 726, 1),
(480, 7, 727, 1),
(481, 7, 728, 2),
(482, 7, 729, 2),
(483, 7, 731, 1),
(484, 7, 733, 1),
(485, 7, 737, 1),
(486, 7, 738, 1),
(487, 7, 739, 1),
(488, 7, 747, 1),
(489, 7, 749, 1),
(490, 8, 8, 1),
(491, 8, 14, 4),
(492, 8, 44, 1),
(493, 8, 45, 1),
(494, 8, 46, 1),
(495, 8, 58, 1),
(496, 8, 81, 1),
(497, 8, 87, 1),
(498, 8, 92, 1),
(499, 8, 135, 1),
(500, 8, 153, 1),
(501, 8, 213, 1),
(502, 8, 223, 1),
(503, 8, 229, 1),
(504, 8, 322, 1),
(505, 8, 338, 1),
(506, 8, 351, 1),
(507, 8, 362, 1),
(508, 8, 382, 1),
(509, 8, 424, 1),
(510, 8, 468, 1),
(511, 8, 476, 2),
(512, 8, 522, 1),
(513, 8, 584, 1),
(514, 8, 585, 1),
(515, 8, 750, 1),
(516, 8, 754, 1),
(517, 8, 757, 1),
(518, 8, 758, 4),
(519, 8, 762, 1),
(520, 8, 772, 1),
(521, 8, 773, 2),
(522, 8, 775, 3),
(523, 8, 779, 1),
(524, 8, 780, 1),
(525, 8, 781, 1),
(526, 8, 783, 1),
(527, 8, 784, 1),
(528, 8, 793, 1),
(529, 8, 794, 1),
(530, 8, 796, 1),
(531, 8, 797, 1),
(532, 8, 798, 1),
(533, 8, 799, 2),
(534, 8, 800, 2),
(535, 8, 803, 1),
(536, 8, 804, 1),
(537, 8, 809, 1),
(538, 9, 3, 1),
(539, 9, 6, 1),
(540, 9, 7, 1),
(541, 9, 14, 2),
(542, 9, 29, 2),
(543, 9, 47, 1),
(544, 9, 48, 1),
(545, 9, 56, 1),
(546, 9, 64, 1),
(547, 9, 72, 2),
(548, 9, 94, 2),
(549, 9, 107, 2),
(550, 9, 112, 4),
(551, 9, 131, 1),
(552, 9, 135, 1),
(553, 9, 153, 2),
(554, 9, 161, 2),
(555, 9, 184, 2),
(556, 9, 212, 1),
(557, 9, 223, 6),
(558, 9, 256, 2),
(559, 9, 271, 1),
(560, 9, 322, 1),
(561, 9, 325, 1),
(562, 9, 331, 1),
(563, 9, 338, 2),
(564, 9, 342, 3),
(565, 9, 351, 1),
(566, 9, 359, 7),
(567, 9, 362, 1),
(568, 9, 382, 1),
(569, 9, 387, 1),
(570, 9, 410, 1),
(571, 9, 432, 1),
(572, 9, 476, 9),
(573, 9, 499, 1),
(574, 9, 550, 1),
(575, 9, 608, 3),
(576, 9, 703, 1),
(577, 9, 750, 1),
(578, 9, 758, 3),
(579, 9, 772, 1),
(580, 9, 814, 1),
(581, 9, 815, 3),
(582, 9, 816, 1),
(583, 9, 824, 2),
(584, 9, 826, 2),
(585, 9, 827, 2),
(586, 9, 829, 1),
(587, 9, 830, 2),
(588, 9, 831, 1),
(589, 9, 837, 3),
(590, 9, 839, 1),
(591, 9, 841, 1),
(592, 9, 846, 1),
(593, 9, 850, 1),
(594, 9, 851, 3),
(595, 9, 855, 1),
(596, 9, 859, 2),
(597, 9, 862, 8),
(598, 9, 866, 1),
(599, 9, 875, 3),
(600, 9, 878, 1),
(601, 9, 881, 1),
(602, 9, 882, 2),
(603, 9, 883, 3),
(604, 9, 885, 1),
(605, 9, 886, 1),
(606, 9, 891, 2),
(607, 9, 893, 1),
(608, 9, 896, 2),
(609, 9, 898, 2),
(610, 9, 899, 1),
(611, 9, 901, 2),
(612, 9, 907, 1),
(613, 9, 909, 1),
(614, 9, 910, 1),
(615, 9, 911, 1),
(616, 9, 913, 1),
(617, 9, 914, 1),
(618, 9, 919, 1),
(619, 9, 920, 1),
(620, 9, 921, 1),
(621, 9, 922, 1),
(622, 9, 927, 1),
(623, 9, 928, 1),
(624, 9, 930, 1),
(625, 9, 931, 1),
(626, 9, 936, 1),
(627, 9, 942, 1),
(628, 9, 952, 1),
(629, 9, 961, 1),
(630, 9, 962, 1),
(631, 9, 963, 1),
(632, 9, 964, 1),
(633, 9, 965, 1),
(634, 9, 966, 1);

--
-- Indexes for dumped tables
--

--
-- Indexes for table `all_terms`
--
ALTER TABLE `all_terms`
 ADD PRIMARY KEY (`id_term`), ADD UNIQUE KEY `term` (`term`);

--
-- Indexes for table `class`
--
ALTER TABLE `class`
 ADD PRIMARY KEY (`id_class`), ADD UNIQUE KEY `class_name` (`class_name`);

--
-- Indexes for table `classification`
--
ALTER TABLE `classification`
 ADD PRIMARY KEY (`id_classification`);

--
-- Indexes for table `distance`
--
ALTER TABLE `distance`
 ADD PRIMARY KEY (`id_distance`), ADD KEY `fk_doc_train` (`id_doc_training`), ADD KEY `fk_doc_test` (`id_doc_testing`);

--
-- Indexes for table `document_testing`
--
ALTER TABLE `document_testing`
 ADD PRIMARY KEY (`id_doc`);

--
-- Indexes for table `document_training`
--
ALTER TABLE `document_training`
 ADD PRIMARY KEY (`id_doc`), ADD KEY `fk_class` (`id_class`);

--
-- Indexes for table `term_freq`
--
ALTER TABLE `term_freq`
 ADD PRIMARY KEY (`id_freq`), ADD KEY `fk_doc` (`id_doc`), ADD KEY `fk_all_terms` (`id_term`);

--
-- AUTO_INCREMENT for dumped tables
--

--
-- AUTO_INCREMENT for table `all_terms`
--
ALTER TABLE `all_terms`
MODIFY `id_term` int(10) NOT NULL AUTO_INCREMENT,AUTO_INCREMENT=967;
--
-- AUTO_INCREMENT for table `class`
--
ALTER TABLE `class`
MODIFY `id_class` int(5) NOT NULL AUTO_INCREMENT,AUTO_INCREMENT=4;
--
-- AUTO_INCREMENT for table `classification`
--
ALTER TABLE `classification`
MODIFY `id_classification` int(10) NOT NULL AUTO_INCREMENT;
--
-- AUTO_INCREMENT for table `distance`
--
ALTER TABLE `distance`
MODIFY `id_distance` int(10) NOT NULL AUTO_INCREMENT;
--
-- AUTO_INCREMENT for table `document_testing`
--
ALTER TABLE `document_testing`
MODIFY `id_doc` int(10) NOT NULL AUTO_INCREMENT;
--
-- AUTO_INCREMENT for table `document_training`
--
ALTER TABLE `document_training`
MODIFY `id_doc` int(10) NOT NULL AUTO_INCREMENT,AUTO_INCREMENT=10;
--
-- AUTO_INCREMENT for table `term_freq`
--
ALTER TABLE `term_freq`
MODIFY `id_freq` int(10) NOT NULL AUTO_INCREMENT,AUTO_INCREMENT=635;
--
-- Constraints for dumped tables
--

--
-- Constraints for table `distance`
--
ALTER TABLE `distance`
ADD CONSTRAINT `fk_doc_test` FOREIGN KEY (`id_doc_testing`) REFERENCES `document_testing` (`id_doc`) ON DELETE CASCADE ON UPDATE CASCADE,
ADD CONSTRAINT `fk_doc_train` FOREIGN KEY (`id_doc_training`) REFERENCES `document_training` (`id_doc`) ON DELETE CASCADE ON UPDATE CASCADE;

--
-- Constraints for table `document_training`
--
ALTER TABLE `document_training`
ADD CONSTRAINT `fk_class` FOREIGN KEY (`id_class`) REFERENCES `class` (`id_class`) ON DELETE CASCADE ON UPDATE CASCADE;

--
-- Constraints for table `term_freq`
--
ALTER TABLE `term_freq`
ADD CONSTRAINT `fk_all_terms` FOREIGN KEY (`id_term`) REFERENCES `all_terms` (`id_term`) ON DELETE CASCADE ON UPDATE CASCADE,
ADD CONSTRAINT `fk_doc` FOREIGN KEY (`id_doc`) REFERENCES `document_training` (`id_doc`) ON DELETE CASCADE ON UPDATE CASCADE;

/*!40101 SET CHARACTER_SET_CLIENT=@OLD_CHARACTER_SET_CLIENT */;
/*!40101 SET CHARACTER_SET_RESULTS=@OLD_CHARACTER_SET_RESULTS */;
/*!40101 SET COLLATION_CONNECTION=@OLD_COLLATION_CONNECTION */;
